{"N":137,"D":8,"b":-1.5439209304261927,"kernelType":"linear","w":[1.3209179629009513,-0.43001082176808336,-0.1512666544962723,-0.31572571318663795,0.27577276590255084,0.03166558214249066,0.6506970272295973,-0.3493029727704018]}
