{"N":219,"D":8,"b":-0.5496254264376046,"kernelType":"linear","w":[1.6098352868083508,-2.04163864867518,1.03084102713503,-0.7819219815929954,1.9321412038435102,-0.023960745457102917,0.628548831871134,0.6285295745972242]}
