{"N":246,"D":8,"b":-3.277003426241385,"kernelType":"linear","w":[-0.8502391880388389,1.0788856679118657,4.474689210039132,2.4711651201840295,-0.5515708693736597,-0.0007598717212147221,-0.3119668612273676,-0.31196445231087144]}
